;ticker;Tax Effect Of Unusual Items;Tax Rate For Calcs;Normalized EBITDA;Net Income From Continuing Operation Net Minority Interest;Net Interest Income;EBIT;Interest Expense;Normalized Income;Diluted NI Availto Com Stockholders;Net Income Common Stockholders;Net Income Including Noncontrolling Interests;Net Income Continuous Operations;Tax Provision;Pretax Income;Selling General And Administration;Total Revenue;Operating Revenue;cluster
0;RRRP3.SA;-0.8884848062287561;1.3778919274817365;-0.4768516486201744;-0.4868506515621308;-0.15084037399666372;-0.5495214952824055;-0.28796618676513663;-0.4211162037030359;-0.48947823677482327;-0.4894809049574031;-0.5085999567974916;-0.49995625174431607;-0.5162506054658297;-0.5175825800211591;-0.4761467533482805;-0.6307245163793024;-0.6382803037584848;3
1;ALSO3.SA;0.047454470079413565;-0.7612936691344263;-0.4849301676916424;-0.4860626848842375;-0.15783358051467591;-0.4718307558425497;-0.2789812263806434;-0.47349035068628115;-0.4886715191765851;-0.4886741867030474;-0.49692233868479235;-0.4884569894310037;-0.38047254986414497;-0.47382771231128873;-0.48062126321017473;-0.6424882052395283;-0.6499698140459385;3
2;ALPA4.SA;-0.1241621742031417;0.7449967805538775;-0.49635525783209417;-0.48096589249213634;-0.14871837043229932;-0.49740142991821223;-0.287911896232123;-0.45787362267693515;-0.49307392525146143;-0.49307659635847767;-0.5109725062901436;-0.4931346079839397;-0.3608647070152346;-0.47236110932373426;-0.37486401611166903;-0.583380241071048;-0.5912345683736364;3
3;ABEV3.SA;-2.5829992001252653;1.3778919274817365;1.5476127066443228;1.301047864813975;-0.2317423069003028;1.24206823840274;-0.2080316064630214;1.4571615577253036;1.3409661684133871;1.3409649889632607;1.317166721801621;1.2979249392225767;-0.6298752716588458;0.8294914250298997;2.2384538584389544;0.8705125722982983;0.8534903984859092;0
4;ARZZ3.SA;0.07175405357001668;-0.9479977374781446;-0.49561129215103134;-0.45247051331989124;-0.1549355264700796;-0.47467726135430227;-0.28755225215822283;-0.4469868343289043;-0.45427996846222385;-0.45428260801743636;-0.47214023375748;-0.4640533891004458;-0.3742222172314991;-0.45353718726360287;-0.2788786139484047;-0.5823819365284416;-0.5902425588637398;3
5;ASAI3.SA;0.07156080617715281;-1.1062215242101094;-0.19539624469090147;-0.35309486992813094;-0.24960351904617933;-0.18455829644109117;-0.2227465518363951;-0.3483952489115846;-0.3525395235810887;-0.35254208038901774;-0.37352057967829394;-0.36693998287666973;-0.350803116451888;-0.37316590789306175;0.1014381314285072;0.3856283944578766;0.3716637663439012;3
6;AURE3.SA;0.2711626695454853;-0.8156672734448659;-0.23786193491487606;-0.1713602146271452;-0.03460165201865413;-0.1395082794396289;-0.2682888690910575;-0.22755459461516137;-0.16648020311207434;-0.16648260859470346;-0.19313830677368174;-0.1893127430762945;-0.25674355950498645;-0.21297504991986324;-0.46782087597730926;-0.5577038328352183;-0.5657200684762099;3
7;AZUL4.SA;0.07156080617715281;-1.7865838071575575;-0.2571413178325605;-0.6779280725686991;-0.43580985358468405;-0.1915736146116821;-0.1297788394858005;-0.8891735473141007;-0.6851026489188566;-0.6851054762061929;-0.6950050551069062;-0.6835143285123593;-0.3924502717189528;-0.6262322993255166;-0.4062359320466792;-0.3568803403465984;-0.36616291346293056;3
8;B3SA3.SA;1.4564504988322267;0.34943731372396597;-0.002077918009580017;0.022527196016667746;-0.2500779553899109;0.23644412077965696;-0.24114893688355013;-0.13170890428523563;0.0320210668418513;0.032018822803777276;-0.0017039229408286202;-0.0008021945863279459;0.17378915923135152;0.04216194403970663;-0.4793998678306879;-0.48895225833515477;-0.49740202241546994;3
9;BBSE3.SA;0.07156080617715281;-0.21061951298183304;-0.5551439255520331;0.2497597420494075;-0.147543421791629;0.2765678849680455;-0.2897000446022864;0.24929175189069844;0.2646609727160188;0.2646589178880496;0.22311916378342916;0.22058710102005427;0.15209895861908793;0.20605753140048552;-0.4652669356248547;-0.5744915768935708;-0.582401953657376;3
10;BBDC3.SA;0.3156931202517124;-0.8086263149352935;-0.5551439255520331;2.1164784177681963;4.518116903535426;-0.5320039780502044;4.318505770609184;2.028030871298655;2.175801188300275;2.175800687836073;2.099470675169815;2.068280527297444;0.6913727619069083;1.7593327282343394;4.363995265145712;1.43438928144668;1.413811456851519;1
11;BBDC4.SA;0.3156931202517124;-0.8086263149352935;-0.5551439255520331;2.1164784177681963;4.518116903535426;-0.5320039780502044;4.318505770609184;2.028030871298655;2.175801188300275;2.175800687836073;2.099470675169815;2.068280527297444;0.6913727619069083;1.7593327282343394;4.363995265145712;1.43438928144668;1.413811456851519;1
12;BRAP4.SA;0.07156080617715281;-1.7865838071575575;-0.5551439255520331;-0.03974816219167649;-0.14613492416892307;-0.5320039780502044;-0.289720679918002;-0.03773451871674135;-0.03173623256270613;-0.031738528455707016;-0.06340418410957363;-0.06156008897300093;-0.3924502717189528;-0.1501107144499581;-0.4833536338916322;-0.5911234345233459;-0.5989289353867268;3
13;BBAS3.SA;0.07153047392983684;-0.2070832113483736;-0.5551439255520331;3.8653902022535984;5.391148581726448;-0.5320039780502044;5.270539363612948;3.833934435648128;3.431187328591888;3.4311878491551937;3.636166962386185;4.064786181415688;3.005461453702094;3.883399049752646;0.4681704189739605;1.711238150102723;1.688914593008638;1
14;BRKM5.SA;-0.5385185201658036;1.3778919274817365;0.1600181504536695;-0.547524960445412;-0.3934761551401791;-0.1922697912240308;-0.18007215743138094;-0.5031015485187188;-0.5515963873391926;-0.551599106043551;-0.6258010573957771;-0.6153673044249105;-0.07810478674667226;-0.4932386671080481;0.0680250634496165;1.1941087740360967;1.1750460919541803;3
15;BRFS3.SA;0.005812843151856629;1.3778919274817365;-0.2598169093465702;-0.8948319573854568;-0.3245987968936317;-0.4860641402340663;-0.17624792105579803;-0.8813872169156001;-0.9136858117296351;-0.9136888249276561;-0.9129093497297621;-0.8918861542477124;-0.2890081539141459;-0.7591181643771059;0.34028906122789465;0.37186518976376964;0.35798734861714027;3
16;BPAC11.SA;0.07156080617715281;-0.7336124176456691;-0.5551439255520331;0.47433724273297556;1.1828845459366493;-0.5320039780502044;1.464996478423911;0.47194419605286664;0.49458265221413733;0.4945807843854919;0.49465902997042693;0.48797965656272474;0.18022998233069715;0.6099698013579801;0.21497414532230266;-0.09495364135365919;-0.10588785188858552;3
17;CRFB3.SA;-0.24447696672507827;0.2070359056651976;0.0701237134316862;-0.2882431880653617;-0.3192844635278311;0.026436769147673646;-0.2005320027752323;-0.24508741667841188;-0.28614459280316074;-0.28614709561093116;-0.277307730823293;-0.27219662201170347;-0.14836172693632943;-0.24852516327315743;0.11791736563578324;1.3167504678453026;1.2969144411163767;3
18;CBAV3.SA;0.26594025754747624;-0.4613963037626605;-0.42406602604624416;-0.3991670541663229;-0.1712543997201782;-0.38283614319594067;-0.28053206862007757;-0.4342472074572173;-0.3976280780080858;-0.3976306714873249;-0.40601455254210744;-0.40091765555664;-0.3238813088397286;-0.392246476153596;-0.46256547771377227;-0.4940071327691609;-0.5024250222074729;3
19;CCRO3.SA;-0.18366278700347893;1.3676073813441585;0.4734090204501282;0.010910248018402248;-0.39477390382213884;0.5559164621677509;-0.17910373644979677;0.02849719043509295;0.02012767508945595;0.02012542137827837;-0.0034869523171671846;-0.0025579912147997764;0.6189686392513518;0.15541563328706984;-0.3607113088247871;-0.2946337421161473;-0.30430882508814855;3
20;CMIG4.SA;0.07662792011323372;-1.7367433143369886;0.08227390671537582;0.00577609406006417;-0.2789570376877254;0.17381200277718653;-0.20305877612816078;-0.02583843677721967;0.014871345771915477;0.01486908778567332;-0.018101906658663337;-0.016949726930765994;-0.3830343931368338;-0.11353653334823488;-0.32406706079246833;-0.0004686786438724725;0.1646157344287208;3
21;CIEL3.SA;-0.020872948638914094;0.2233408668879264;-0.12906409123590992;-0.32916997238882323;-0.16807290917677248;-0.11313325361646806;-0.23316285913717363;-0.3133890415145155;-0.3280452950527875;-0.32804783193913206;-0.31234503716982115;-0.30669879296319735;-0.18095297990245318;-0.28332705926196444;-0.4301634391659707;-0.45803892849872746;-0.46668362349859954;3
22;COGN3.SA;0.011506754771944997;-1.1035158974569927;-0.40786098189487957;-0.5716325422985605;-0.2292634830405251;-0.47124746694549563;-0.249053456001146;-0.5386316920989708;-0.576277647445138;-0.5762803862231969;-0.5912977447270843;-0.5813909713040271;-0.4109651483539849;-0.552820392331464;-0.22906643493545265;-0.5658562811000077;-0.5738211096539821;3
23;CPLE6.SA;0.06809693781449856;1.3778919274817365;-0.3606786376180086;-0.36658914291349903;-0.20161368032270144;-0.42652326059861256;-0.2885253406516951;-0.3615577718821952;-0.3663549142545006;-0.36635748229872855;-0.38226123256289884;-0.3755471371216247;-0.4645621399892874;-0.40903867017465023;-0.3938658233014602;-0.24177268883551728;-0.29463437954811184;3
24;CSAN3.SA;3.2346493368936637;1.3778919274817365;0.20520531404041736;-0.3585888944910254;-0.5439616811769477;0.3879044116663379;-0.08316169601613621;-0.5511577503120422;-0.3583867549896952;-0.3581668485792353;-0.1755453297930117;-0.17198846896316985;-0.43533018278192276;-0.24568452892064202;-0.11601843367397474;0.10106285883738225;0.23948140669829363;3
25;CPFE3.SA;-0.7988422083425128;0.4840303779075117;0.4885925987017969;0.13167907425540176;-0.24921889369755743;0.4570628105452478;-0.22253658398958162;0.22214380504915718;0.14377038762703945;0.14376823447664278;0.12100023107802065;0.12002786171268559;0.3683653929374308;0.1847480659349271;-0.348707493678534;0.09368759046651193;0.0815638604272288;3
26;CMIN3.SA;0.10214862503795964;0.2608319931540654;-0.09803555637928421;-0.13688536044106756;-0.18717181647564482;-0.05868099660090664;-0.27433912260242166;-0.13768222764390692;-0.13118496493910944;-0.13118734171550397;-0.15953998848535003;-0.15622758208241597;-0.019398956682217694;-0.12655044409427033;-0.3554016995632028;-0.4083843847489697;-0.41734218758693403;3
27;CVCB3.SA;0.022263536861799705;1.3778919274817365;-0.5524655301472656;-0.5597007075213082;-0.19307187372259557;-0.5548202561351329;-0.2850369545676056;-0.5501548848118983;-0.5640618756820289;-0.564064604524787;-0.5779965038732318;-0.5682928843315936;-0.36117253381503467;-0.5299758973214693;-0.3602860309323483;-0.6403654317121203;-0.6478604261420754;3
28;CYRE3.SA;0.05279050030980381;-0.8372410867657694;-0.4268986354426892;-0.40446639872855805;-0.17464803002789475;-0.38274553313224113;-0.275283539237153;-0.39360200546086593;-0.40513351961465666;-0.40513611919820264;-0.4182149106446654;-0.41095168378521296;-0.34789686931259933;-0.4061098457365623;-0.39275989621131535;-0.5596944936731564;-0.567698176756733;3
29;DXCO3.SA;0.0728773657749292;-0.47065239528648023;-0.4049635431454593;-0.4110913916393137;-0.1933685058398769;-0.43296064507685983;-0.2894886729924991;-0.40616903786571923;-0.41191616476863535;-0.41191876986862536;-0.4297986655796257;-0.42235851652153755;-0.33717797799438554;-0.4120828129381643;-0.3600902121700094;-0.5005131870382794;-0.5088900510953698;3
30;DIRR3.SA;0.06301467615686271;-0.6616126834932886;-0.5083829295863077;-0.4794439397270332;-0.15813458872991984;-0.4809424224490639;-0.2843246501406002;-0.47151731655518314;-0.48189527045139036;-0.48189793246661106;-0.4901930042754802;-0.48183043418490196;-0.3758471805852671;-0.46756425852761074;-0.4453641120985443;-0.6222507857617149;-0.6298600061456918;3
31;ECOR3.SA;-0.02496994848240887;1.3778919274817365;-0.3842065947648143;-0.4739218002731578;-0.2302744289944734;-0.38745639961186357;-0.26028640241196127;-0.46216480972256263;-0.4771809745090061;-0.47718363269000746;-0.4954488475612611;-0.48611190858244757;-0.29507197972103055;-0.4500487380013165;-0.45033731768251806;-0.547200594897491;-0.5552830610558795;3
32;ELET3.SA;1.5367696342093082;-0.14248835041504898;0.15650869882157498;-0.1742095651117632;-0.5558630518452458;0.33042068036832756;-0.1246235199643395;-0.4033159994118799;-0.04315935887090174;-0.043161664054531076;-0.07444677268644971;-0.1926028219715243;-0.1405345967903549;-0.18557925663530733;-0.10172855096855365;-0.007952439965034544;-0.01943525604582;3
33;ELET6.SA;1.5367696342093082;-0.14248835041504898;0.15650869882157498;-0.1742095651117632;-0.5558630518452458;0.33042068036832756;-0.1246235199643395;-0.4033159994118799;-0.04315935887090174;-0.043161664054531076;-0.07444677268644971;-0.1926028219715243;-0.1405345967903549;-0.18557925663530733;-0.10172855096855365;-0.007952439965034544;-0.01943525604582;3
34;EMBR3.SA;0.0716340483976621;-1.6981683551317357;-0.536986608735778;-0.5287067267488166;-0.15563859710121186;-0.5314041951226425;-0.28232225244655307;-0.5227712767516484;-0.5323303438417823;-0.5323330468767304;-0.5495604130267436;-0.5402911065158466;-0.39328321482429407;-0.5168057428297472;-0.43347781093967275;-0.5764784647332376;-0.5843763127311127;3
35;ENGI11.SA;0.07835090328694465;0.004509458648282715;0.02543147904687885;-0.23870337565111244;-0.30011358624861967;0.06441641647412236;-0.2044688209413179;-0.23594919068213527;-0.23542590176048614;-0.235428363317858;-0.2241284901232577;-0.2198296039665199;-0.13504767462121317;-0.20500960206398958;-0.41292968333178365;-0.19757017644430014;-0.2078573154520632;3
36;ENEV3.SA;0.2197529289483977;0.3723797628001005;-0.37480429939013027;-0.4585851897205745;-0.19762813227210307;-0.3749624928143709;-0.2564207901227242;-0.46940136612457545;-0.46054015331312537;-0.46054279795985575;-0.47792339270845074;-0.46974822011264283;-0.3413803570354205;-0.4494425943053415;-0.45861455290010505;-0.5459055709908326;-0.5539962032122855;3
37;EGIE3.SA;-0.39894605835763935;-0.2913690225404912;0.037426013910318676;-0.17277483098623655;-0.3192299979393425;0.01944008708947484;-0.22434754350807007;-0.08565870417867072;-0.1679284825173478;-0.16793088917788787;-0.1948753320629071;-0.19102323825201342;-0.16765486215109127;-0.1913513257032849;-0.46728899448703304;-0.43467908345151707;-0.44347107918216944;3
38;EQTL3.SA;-0.7116396701126902;0.5076611004559304;0.13141786995966315;-0.3338595362044489;-0.2803711905754907;0.05157077983125225;-0.1930242572621949;-0.24958189483833257;-0.3328464544980585;-0.33284899528927;-0.28670604428657515;-0.281451392186067;-0.11332958852237945;-0.24659197320495777;-0.3727952471442549;-0.1591951161701169;-0.16972423770861603;3
39;EZTC3.SA;0.09994500004201051;-1.0350208201807252;-0.5277419260082357;-0.46496627033268634;-0.14505840407011958;-0.4881356405201334;-0.2886290436413882;-0.47055272005168536;-0.46707308188737673;-0.4670757318474522;-0.4820868862590951;-0.47384812336488036;-0.37948895270148975;-0.4623910616686371;-0.4665179936259147;-0.6422968795771881;-0.64977969483038;3
40;FLRY3.SA;0.07166715301284834;0.09627925495282223;-0.44745472328541364;-0.467065390570861;-0.1690681685026394;-0.445009320154732;-0.2754630805215083;-0.4614029852595309;-0.4692221540302253;-0.46922480573817876;-0.4862143927415945;-0.47791258919036766;-0.35744420804569177;-0.4598277692871346;-0.4702545747449962;-0.5779676440509397;-0.585856101695355;3
41;GGBR4.SA;-0.37534335136982344;0.398091128144045;1.1640318693757212;0.9221356068939767;-0.23844386332025266;1.2698761027982086;-0.25588914999045315;0.96462057121523;0.9530370906642165;0.9530355957045853;0.8952464201880586;0.8824487542041614;1.1935729918743403;0.9808247728545785;-0.2370546584800114;0.9225531909548271;1.1122271375614905;0
42;GOAU4.SA;0.10383340823536306;0.4111604129281052;1.1156091008208882;-0.03763029869284783;-0.23846291617753604;1.2711998022985191;-0.25588914999045315;-0.03912391204733214;-0.02956797113350555;-0.02957026526302149;0.8931109401443206;0.8803458899941148;1.2043023855186648;0.9819769306427291;-0.2356044858697711;0.9225531909548271;0.9052028633750278;0
43;GOLL4.SA;1.758966346048346;1.3778919274817365;-0.4363723025821165;-0.7006540262015072;-0.38263144381839265;-0.4148468793522057;-0.1980916661274186;-0.7982366442709256;-0.7083694027635081;-0.7083722489741022;-0.7174967253637258;-0.7056624766750765;-0.3765888620981971;-0.6391042296272319;-0.18677083241905798;-0.3713058024872786;-0.38049741262372494;3
44;GMAT3.SA;0.07156080617715281;-1.6156230055936698;-0.4220630284485539;-0.3740349656858279;-0.16624800900177764;-0.3995045391692647;-0.28451931697099875;-0.3691558482024744;-0.37397792222212134;-0.373980496466275;-0.39271430102346155;-0.3858405527006378;-0.3839328852430737;-0.39616301090525746;-0.31987508455981056;-0.24483813443102084;-0.25482721475132836;3
45;NTCO3.SA;-1.818016919828043;1.3778919274817365;-0.3373156002275921;-0.8153286686694718;-0.1961410668598222;-0.7048699861011011;-0.2636100920051439;-0.6887937062758661;-0.8744369409252795;-0.8744399222015072;-0.8779084014520815;-0.8172997478520148;-0.3491372302412054;-0.7174987832319387;2.0676153421604897;0.03584835471673778;0.02408934292265268;3
46;SOMA3.SA;0.0696662238941737;1.3778919274817365;-0.4951050624196731;-0.46365661623325727;-0.15770095108411664;-0.48455772114903783;-0.28414303830585846;-0.45789108536110606;-0.46573226248567445;-0.4657349113552381;-0.48294253754602023;-0.4746907060304648;-0.41117809206961126;-0.4711934763197221;-0.23364141130106572;-0.5701236576448222;-0.5780615773009723;3
47;HAPV3.SA;-0.04866414263149029;1.3778919274817365;-0.347210190846232;-0.6026593862547321;-0.27206569326536606;-0.5149672510969008;-0.23334931395417513;-0.5883208099963687;-0.6080428245007885;-0.6080455891140216;-0.6203398033876978;-0.609989461803885;-0.6358036536738184;-0.6325910282333543;-0.20095036108023587;-0.20671687639705294;-0.21694633884127096;3
48;HYPE3.SA;0.017406733474741327;1.3778919274817365;-0.31624096252745254;-0.29252289924802033;-0.21536041783954255;-0.2538347240318177;-0.25513550474386787;-0.28496432812580197;-0.2915563553401524;-0.291558862549404;-0.3143584579824282;-0.30770078316010857;-0.42698047137464057;-0.34742633560246033;-0.2750848669341076;-0.5186138574950879;-0.526876583723759;3
49;IGTI11.SA;0.05336287566137371;-1.5571593163962087;-0.49850499237944124;-0.5045943966029691;-0.17465368529295414;-0.5002025232940208;-0.27472666646542704;-0.4732564061440785;-0.5076442224499611;-0.5076469054072549;-0.5228086653697221;-0.5139479464057304;-0.4445037835651403;-0.5098245559923456;-0.4814723872445078;-0.644316569401826;-0.6517866490488305;3
50;IRBR3.SA;0.08647200283702734;1.3778919274817365;-0.5551439255520331;-0.584304361006432;-0.10975568123527339;-0.5654579418759155;-0.25926505956626295;-0.5785530050785725;-0.589251012233424;-0.5892537615629474;-0.6023465166490025;-0.5922709919849508;-0.591784421302412;-0.6076956942249354;-0.472179349300406;-0.5631553725874842;-0.5711372323245362;3
51;ITSA4.SA;0.3594896507426059;-1.565070505732807;0.5827259237848291;1.2030955846362779;-0.2724265530358218;1.1804833842334306;-0.23945133122520001;0.778782362521991;1.240682957937823;1.2406816969256074;1.2259871158108857;1.2081379469786953;-0.2468663028723436;0.8593511337073533;-0.2938361897639482;-0.5005256995325466;-0.5089024846893041;0
52;ITUB4.SA;-0.5870246130459142;-0.3541284875477249;-0.5551439255520331;3.2058754630495057;3.3369790465296973;-0.5320039780502044;4.5713145683045315;3.3039415963837384;3.2911221689371093;3.291122575582971;3.276755332472171;3.2275841593485364;2.06871552997646;3.0013633918461275;5.420025734408533;2.004167652891095;1.9799969632607868;1
53;JBSS3.SA;-0.5422984653249888;-0.8854993417190186;2.5781930355971285;1.4259949387159596;-0.602824574872093;2.168554318960941;-0.04652274542311211;1.6140477313951498;1.4688865566645588;1.4688854812543217;1.4791646732270758;1.4574486468556178;0.36176522420054164;1.2068782427587632;2.5501050443708793;6.552008869204861;6.499160748997338;0
54;KLBN11.SA;0.3737284449578461;0.5037055057876312;0.07846239957892105;0.051915754036610494;-0.23414868950765322;0.2987180826910975;-0.24913526028844707;0.02230310601835701;0.06210897234176116;0.06210675277470698;0.055467779985986725;0.05549630760045532;0.2993459164829698;0.11758059498939731;-0.23368198431218296;-0.2782518456218474;-0.28803022830839303;3
55;RENT3.SA;0.09822344209716713;0.10286927567020857;0.07370615118986946;-0.27508466935584186;-0.2895241024249298;0.043689739267182164;-0.18599740584992386;-0.27458759779541403;-0.272672946212601;-0.27267543806364564;-0.2966978352069976;-0.29129057545656295;-0.18323017392262103;-0.2721178756476393;-0.24103842811220205;-0.3215475975350154;-0.33105296916846527;3
56;LWSA3.SA;0.06765010237039973;1.3778919274817365;-0.5401919656702339;-0.5017562920747436;-0.15892975939201917;-0.5245342172078911;-0.28950846605043035;-0.49553840747749883;-0.5047385807105409;-0.5047412613046255;-0.5206494412810225;-0.5118217008007145;-0.3805601899647939;-0.49173654570336556;-0.43292501786943693;-0.6419662994786501;-0.6494511992786358;3
57;LREN3.SA;-0.13359625353271296;-1.2573252405391357;-0.2154577431972318;-0.3441350915152446;-0.17933994761424332;-0.32556972610507734;-0.2706804249755299;-0.22051218276847523;-0.3433665329905289;-0.34336908233790425;-0.3646531682203261;-0.3582080060804467;-0.3589221388339082;-0.3685713535934417;-0.23185608516201678;-0.4084118544863839;-0.41736948410777136;3
58;MDIA3.SA;0.06675047367628072;1.3778919274817365;-0.4890331945005191;-0.44533183011214555;-0.15331697614516812;-0.48307947044078603;-0.28605264726733415;-0.43954149108438517;-0.4469714089336245;-0.4469740425446578;-0.46480666287065425;-0.4568318260636163;-0.43958326270763065;-0.4648340948425408;-0.3274581462426525;-0.46889401777524686;-0.4774702635803625;3
59;MGLU3.SA;0.04803223903268403;1.3778919274817365;-0.4608637785529574;-0.5678895131459608;-0.2941033859821791;-0.5399032263102898;-0.24778108524164913;-0.5598809656091727;-0.5724455469606431;-0.5724482826219877;-0.5861008905530051;-0.576273490258232;-0.671458326521717;-0.6159588069256642;0.4361719511894006;0.05412433484322463;0.04225007976636444;3
60;MRFG3.SA;0.07156080617715281;-1.7865838071575575;0.5771689521684663;0.017051414894143132;-0.3831889586988299;0.213351407027579;-0.14301530660104195;0.1171042128525005;0.024315928728643972;0.02431367842384634;-0.18270564335175793;-0.177041285838503;-0.392864570376566;-0.23862111834595173;0.44183273861443656;1.850777890419744;1.827574434264683;3
61;CASH3.SA;0.11245612735441468;-0.27554664386729466;-0.5661256610872101;-0.5126116389151023;-0.14780066902724676;-0.539614259464118;-0.2897118713053411;-0.5137482214906487;-0.5158522477941666;-0.5158549374271909;-0.5315851816555712;-0.5225904162993368;-0.3974265635496027;-0.5043219980632581;-0.47538848127496364;-0.6567950681845472;-0.6641864618648418;3
62;BEEF3.SA;-0.900572002881926;1.3778919274817365;-0.31385213256821526;-0.424002749218343;-0.22983486678527462;-0.35962240181740823;-0.2468783603672411;-0.35805302008874096;-0.4251347686365;-0.42513738448741173;-0.4433844639723155;-0.4357368148993055;-0.4891278050608597;-0.4614390562205754;-0.10383687009806522;-0.0675593446549151;-0.0786662960584038;3
63;MOVI3.SA;-0.36340794324035386;-0.02792641763176999;-0.19887519339020684;-0.4360143053309103;-0.26130426245403743;-0.2747633995604333;-0.23055947541994734;-0.36732055939210734;-0.4374321588308928;-0.4374347846834871;-0.45558519307557604;-0.4477511985705341;-0.334867466250004;-0.4309267781995622;-0.37674810400607056;-0.479080651108033;-0.487592662816943;3
64;MRVE3.SA;0.5829741002183472;1.3778919274817365;-0.5459592290934298;-0.5308459575647908;-0.16182316804031668;-0.4933487180974948;-0.28057484829670565;-0.5565249736848474;-0.5345204810574242;-0.5345231858736492;-0.5428619953426419;-0.5336949957944443;-0.3022548464824824;-0.4883237944849322;-0.4107974977251443;-0.5361942776902597;-0.5443461466449661;3
65;MULT3.SA;0.07156080617715281;-1.2381406063978848;-0.43578187116163847;-0.4094177434179843;-0.17141052543056753;-0.40368641852759635;-0.27670842884375857;-0.4042353282008364;-0.41020268942597726;-0.41020529313236775;-0.42924636920046577;-0.42181465553230496;-0.3716951402797289;-0.4205518578788822;-0.4540175284556216;-0.6292772442923996;-0.6368421577696194;3
66;PCAR3.SA;-0.08785014541339622;0.9447305777349734;-0.38087786663701634;-0.6341188246667976;-0.2073236802689066;-0.5326466026154494;-0.2438029964441324;-0.6144377194716446;-0.5306161009276701;-0.5306188025683944;-0.5248888663087838;-0.620360206475635;-0.5568659977297999;-0.62021001652638;-0.11097351500872658;-0.33045202745526914;-0.31388634598131593;3
67;PETR3.SA;-3.5321521559652287;0.6896184551976899;5.725486405476306;4.070689509624122;-0.3379333733069784;5.555364320326972;-0.1735446596029824;4.366412406881747;4.176515841218496;4.176516967970518;4.020982741738746;3.9604447579158464;5.680791413747803;4.492204669304249;0.24236399637348843;1.7322422774792534;1.7097862741593604;2
68;PETR4.SA;-3.5321521559652287;0.6896184551976899;5.725486405476306;4.070689509624122;-0.3379333733069784;5.555364320326972;-0.1735446596029824;4.366412406881747;4.176515841218496;4.176516967970518;4.020982741738746;3.9604447579158464;5.680791413747803;4.492204669304249;0.24236399637348843;1.7322422774792534;1.7097862741593604;2
69;RECV3.SA;0.10058961537855468;-0.7640388518342258;-0.41124680743447223;-0.36141800225413706;-0.15233329664775613;-0.38015714848752863;-0.2864721267379946;-0.36477979586492604;-0.36106071807855883;-0.36106328181692443;-0.38175790827647227;-0.3750515002595162;-0.3304470734048754;-0.3741354394892076;-0.47313287188660635;-0.6065943251850417;-0.614302270885035;3
70;PRIO3.SA;0.10264384233449403;-1.2794765706816105;-0.15141322473503788;-0.07731003140746459;-0.17737783993697448;-0.09714218393491225;-0.27576109940085647;-0.09384796157210801;-0.07019194619784579;-0.07019427336755125;-0.10057882550335234;-0.09816695080602338;-0.30743647689605774;-0.1562499936099759;-0.4734155191657339;-0.5413842870623511;-0.5495034292514593;3
71;PETZ3.SA;0.07140623686033014;0.4443715857631444;-0.5169187377504527;-0.4992185795372657;-0.1548214113001314;-0.5125688691153124;-0.2859853368327381;-0.4932500337169378;-0.5021404792670555;-0.5021431577480586;-0.5181378901918243;-0.5093485093922228;-0.38381337601491605;-0.49068068850548596;-0.355054385496048;-0.6093163894378725;-0.617007170552533;3
72;PSSA3.SA;-0.05529382224216709;-0.8214187080925729;-0.5551439255520331;-0.36373516909125303;-0.1682345555030531;-0.3557716883183662;-0.278033054679957;-0.3209779110844018;-0.36343302558596907;-0.36343559125377384;-0.3818940655342992;-0.375185577946293;-0.33468023512589035;-0.3753277769040831;-0.3028347608402496;-0.10753895833743946;-0.11839380933958352;3
73;QUAL3.SA;-0.0310734185682411;0.6533298297107137;-0.4754288864765703;-0.4939419767979574;-0.16548730852670693;-0.48797744777298896;-0.2804646879973328;-0.47846383921660884;-0.4967383113732398;-0.49674098546056533;-0.5118447289417815;-0.5031514655005821;-0.37606157289759845;-0.4839412319977771;-0.45508254158497596;-0.6263165378989076;-0.6339001207728853;3
74;RADL3.SA;0.07422219382904106;-0.6046521202697812;-0.3006307680486692;-0.38107081087011874;-0.19297775395410732;-0.37285811157138204;-0.27946945514294813;-0.3767615295117993;-0.381181196532936;-0.3811837766356387;-0.3988762516917111;-0.39190839002945355;-0.3279004403975884;-0.38638425929201525;0.3162181279460543;-0.1043343160557117;-0.11520937464694866;3
75;RDOR3.SA;-0.25845137964896225;-1.4108181360478145;0.15925243337763725;-0.3562229951762091;-0.19384637573739455;-0.03167180743594322;-0.17230959384451555;-0.07627520867245234;-0.3557420875446622;-0.3557446469572926;-0.3682873674353671;-0.36178669906982813;-0.36965406752246643;-0.37407353862576137;-0.45594775820580347;-0.22137304968202814;-0.23151009434560776;3
76;RAIL3.SA;-0.4802517135641762;0.3739620006674204;-0.029682222519870224;-0.4411956923060964;-0.3304402817524674;-0.1529501645749521;-0.19035545819038724;-0.3746602829437189;-0.44273684515004036;-0.4427394753170288;-0.4608268146677601;-0.452912763288094;-0.32251347140108766;-0.4316979287152659;-0.4289439758346323;-0.4744321824878237;-0.4829735061559262;3
77;SBSP3.SA;0.803034896521403;0.34943731372396597;0.042350750643996536;-0.1155219169027327;-0.2339077348213732;0.0560757922418079;-0.24699722399705176;-0.1951051288880178;-0.10931314428367289;-0.10931550327133309;-0.13839678211531065;-0.13540730230899384;0.024558348180052397;-0.09929653802984267;-0.25398337800652726;-0.23930870921443984;-0.2218258932164841;3
78;SANB11.SA;-0.34137519885386686;0.3288682214488106;-0.5551439255520331;1.2797046639971463;3.0505248578898376;-0.5320039780502044;2.086897692561572;1.3174567196695137;0.37877543700837907;0.37877347499169983;1.2489242342445377;1.2307247398532835;1.503491927465496;1.3272179028352653;1.5703814986300138;0.16930677257004093;0.1567062088547489;0
79;STBP3.SA;0.09739861889672442;0.2703254203579835;-0.47924243280630346;-0.4518781013281545;-0.14949657529922047;-0.45493947624917985;-0.28486130872550275;-0.4493899692423353;-0.45367345908492485;-0.4536760981468527;-0.47128544813886075;-0.4632116588815529;-0.33775524378130467;-0.44350551841763525;-0.45215707973856567;-0.6266932024763311;-0.6342744102075198;3
80;SMTO3.SA;0.016224817675646534;-0.6076821057856983;-0.2749597886990578;-0.3786176929157259;-0.18687976243007826;-0.30796020645595207;-0.2582189403040762;-0.36055755280396706;-0.3786697027351859;-0.3786722807952468;-0.3987802861766578;-0.39181389022478613;-0.3280355220403242;-0.3863466899426646;-0.4304474502437913;-0.5363005376415746;-0.5444517365503773;3
81;CSNA3.SA;-1.1769081486856785;1.3778919274817365;0.35194200879812443;-0.3113523789010082;-0.40448143559490146;0.19099214211263396;-0.1976553765951463;-0.22913024482061561;-0.3098037035894228;-0.3098062256395619;-0.2563217050842237;-0.2515311222018538;0.3169054435910931;-0.11293644922473577;-0.10679256281550403;0.1900892940481047;0.3049855391656409;3
82;SIMH3.SA;-0.1464198504031037;-1.4125902424592125;0.1614817814292278;-0.4453013410748151;-0.4284050918844338;0.0035244186902411087;-0.14891953366905147;-0.2571196234956613;-0.4469401943611586;-0.4469428279468045;-0.40805987941513167;-0.4009517534243035;-0.3755458724706393;-0.4055720353732772;-0.2263384965997475;-0.19453186297986544;-0.2048381607531403;3
83;SLCE3.SA;-0.06579743169832825;0.26874318249066365;-0.28970655475721985;-0.3471646272122828;-0.19273619334657094;-0.2687435068414068;-0.2668541180495606;-0.3262407497264143;-0.3464681613078909;-0.34647071317787476;-0.35908457134231603;-0.35272446006966446;-0.22256899034036176;-0.32927362772427604;-0.43483001734379806;-0.4792792917670217;-0.48779005090280153;3
84;SUZB3.SA;5.571050002396698;-0.3342160239875072;2.0471965371755054;2.417769710162153;-0.39154797905326655;3.0287734898715524;-0.1286463537066477;1.3816286105735411;2.4842621861942003;2.4842619366067242;2.3687789721311203;2.333475597047302;1.5127057268072757;2.1737731790840584;-0.009147644942621488;0.2953641463142834;0.2819686996177367;0
85;TAEE11.SA;0.06656384540579544;-0.5999054066678223;-0.35433504719451026;-0.3244532933227848;-0.19104149891710992;-0.282748009783602;-0.2678599844084722;-0.318821599863955;-0.32321637510659396;-0.32321890806549347;-0.345174271001817;-0.33902661596065015;-0.3002775119802374;-0.33879125837590246;-0.48131282279742493;-0.6135131955150201;-0.6211775127297336;3
86;VIVT3.SA;-0.20245584662531232;-0.52079351330184;1.166452221864387;0.0049030329788018025;-0.30275170007423663;0.22064873027821824;-0.21268472978058786;0.06636062586710019;0.01397750881363921;0.013975250100423818;-0.02256603444525437;-0.021345672741181872;-0.112259437706604;-0.0471990373835211;0.7444853534700604;0.2609108200997777;0.6249460599179594;3
87;TIMS3.SA;0.07199274710644836;-1.5571593163962087;0.40548604133883936;-0.29674013289516576;-0.24482347357932208;-0.05174921962379758;-0.19277621234471576;-0.29312503587649097;-0.2948437359494018;-0.2948462458323375;-0.31774680739859545;-0.3120180603187009;-0.37434281290718546;-0.3371813698053407;0.1645432563022857;-0.24940956458652686;-0.25936981873092196;3
88;TOTS3.SA;0.07156080617715281;-0.10150047846213359;-0.4585417321735871;-0.4436590565763134;-0.16888174672943196;-0.4355226821143973;-0.28134583001601793;-0.4381831281488212;-0.44488655693576734;-0.44488918885115397;-0.45967918582794726;-0.4521370367987497;-0.341313359437817;-0.43594354486446535;-0.34086883339064267;-0.5908672171407372;-0.5986743336401644;3
89;TRPL4.SA;0.07156080617715281;-0.758129193399787;-0.26849690546877414;-0.2228610719260848;-0.2122407985888698;-0.17361718480141874;-0.26629759621857807;-0.21927780237568006;-0.21920660522147106;-0.21920905358740533;-0.23751283513447607;-0.23300952582134565;-0.2626766494592501;-0.24795332607981524;-0.4707004232677213;-0.5589577002607333;-0.5669660293600631;3
90;UGPA3.SA;-0.08221972097276084;-0.3467473478966788;-0.1492291637675047;-0.31823477925807847;-0.2257814555539637;-0.16002578235058185;-0.23382476847341785;-0.28509031911263;-0.27823361761168425;-0.2782361139853202;-0.2968385681401557;-0.3281888522800094;-0.2687712579461148;-0.32238435994012427;-0.06784724543839413;2.1010857374860974;2.1567970260677525;3
91;USIM5.SA;-1.5614021840289185;1.061444354017807;-0.03341224689157633;-0.30367039104443916;-0.11310635845837226;-0.13410627024008548;-0.27443513998983293;-0.17866516386201928;-0.30193891061376676;-0.30194142626733217;-0.26557310226930564;-0.26064121999484513;0.03706770502557373;-0.19194609604784357;-0.38771975084149274;-0.03882409357055663;-0.05011224153058615;3
92;VALE3.SA;1.0666633401852805;-0.5999054066678223;1.2817443863366784;1.5847083715513013;-0.18369275127078122;1.6823731696897513;-0.2583670372978173;1.3382911736269425;1.8949096939654215;1.8949089650472544;1.8092002201813024;1.5315805773866007;0.6834949308762609;1.346447536578707;-0.4318071575407282;0.18001923866190603;0.16735112509426686;0
93;VAMO3.SA;-0.025925532889740897;-0.6473725426874118;-0.3627635428123805;-0.4219914723951;-0.18761487956321368;-0.34832281277442334;-0.2569635901706373;-0.39260145708646504;-0.42307563028235445;-0.4230782444585329;-0.4417069224623951;-0.43408489498910846;-0.35175991457550176;-0.424813322140711;-0.43141927046245626;-0.5692971785234904;-0.5772403097287027;3
94;VIIA3.SA;-0.10479024909385802;1.3778919274817365;-0.40211946328682335;-0.5482746908715712;-0.29868314081151665;-0.47470328764919467;-0.2329589274711477;-0.5309011110041776;-0.5523639587932727;-0.5523666781219103;-0.5666882787933473;-0.5571573731993914;-0.6608028113093444;-0.5985820039969725;0.3641966796162464;-0.06909489720137038;-0.0801921658346272;3
95;VBBR3.SA;-0.0019704345037531196;-0.17270118249151775;-0.23685984135132476;-0.3134841124127208;-0.21244034865596506;-0.20298020064478028;-0.2496637068599526;-0.29719202267165645;-0.31198616509052385;-0.31198868891569703;-0.3343181721114105;-0.3283363255576539;-0.2501256454584617;-0.3176975136904865;-0.25121748060719984;2.8289527749989647;2.799581218197762;3
96;WEGE3.SA;0.1969661092369136;-0.48361092341982814;-0.0874921624325726;0.020281378525107915;-0.15639606599624864;0.024295544096277412;-0.28699095753312925;-0.004669415072890102;0.029721806551154382;0.029719560643051746;0.004018639228729621;0.00483296515745798;-0.08724181046309004;-0.02071861243959557;-0.14043872672100938;-0.08821548994088073;-0.09919218939751029;3
97;YDUQ3.SA;0.07925540816312304;1.095217221295745;-0.44790224124363176;-0.5124680655384929;-0.20489211826712514;-0.47194910586664895;-0.2670027063603425;-0.5069607779217205;-0.5157052578607102;-0.5157079473741851;-0.5315970536780521;-0.5226021069968214;-0.4039553888987735;-0.5057505655805022;-0.41360226338722267;-0.576006069949675;-0.5839068967385777;3
